{"cameraMode":{"drawMode":0,"name":"Shaded","section":"Shading Mode"},"sceneLighting":false,"audioPlay":false,"sceneViewState":{"showFog":true,"showMaterialUpdate":false,"showSkybox":true,"showFlares":true,"showImageEffects":true,"showParticleSystems":true},"in2DMode":false,"pivot":{"x":0.44241976737976076,"y":3.049332618713379,"z":1.4455363750457764},"rotation":{"x":-0.004240803420543671,"y":0.9801977276802063,"z":-0.1969718188047409,"w":-0.021147003397345544},"size":8.515447616577149,"orthographic":false}