{"cameraMode":{"drawMode":0,"name":"Shaded","section":"Shading Mode"},"sceneLighting":false,"audioPlay":false,"sceneViewState":{"showFog":true,"showMaterialUpdate":false,"showSkybox":false,"showFlares":true,"showImageEffects":true,"showParticleSystems":true},"in2DMode":false,"pivot":{"x":0.04628443717956543,"y":1.0694055557250977,"z":0.17507898807525636},"rotation":{"x":-0.003322775010019541,"y":-0.9959612488746643,"z":0.07965659350156784,"w":-0.04156407713890076},"size":8.04803466796875,"orthographic":false}