{"cameraMode":{"drawMode":0,"name":"Shaded","section":"Shading Mode"},"sceneLighting":false,"audioPlay":false,"sceneViewState":{"showFog":true,"showMaterialUpdate":false,"showSkybox":false,"showFlares":true,"showImageEffects":true,"showParticleSystems":true},"in2DMode":false,"pivot":{"x":-0.5182669162750244,"y":0.37030839920043948,"z":0.41643714904785159},"rotation":{"x":-0.007141088135540485,"y":-0.9928640723228455,"z":0.08390700817108154,"w":-0.08449061214923859},"size":5.719783782958984,"orthographic":false}