{"cameraMode":{"drawMode":0,"name":"Shaded","section":"Shading Mode"},"sceneLighting":false,"audioPlay":false,"sceneViewState":{"showFog":true,"showMaterialUpdate":false,"showSkybox":false,"showFlares":true,"showImageEffects":true,"showParticleSystems":true},"in2DMode":false,"pivot":{"x":-0.0000011920928955078126,"y":1.8710551261901856,"z":0.06397044658660889},"rotation":{"x":0.04760215803980827,"y":0.5854545831680298,"z":-0.034477598965168,"w":0.808591365814209},"size":10.517077445983887,"orthographic":false}