{"cameraMode":{"drawMode":0,"name":"Shaded","section":"Shading Mode"},"sceneLighting":false,"audioPlay":false,"sceneViewState":{"showFog":true,"showMaterialUpdate":false,"showSkybox":false,"showFlares":true,"showImageEffects":true,"showParticleSystems":true},"in2DMode":false,"pivot":{"x":0.3639431595802307,"y":4.386906623840332,"z":0.1342247724533081},"rotation":{"x":-0.0013104461831972004,"y":-0.9972522854804993,"z":0.01676001399755478,"w":-0.0731344148516655},"size":13.657041549682618,"orthographic":false}