{"cameraMode":{"drawMode":0,"name":"Shaded","section":"Shading Mode"},"sceneLighting":true,"audioPlay":false,"sceneViewState":{"showFog":true,"showMaterialUpdate":false,"showSkybox":true,"showFlares":true,"showImageEffects":true,"showParticleSystems":true},"in2DMode":false,"pivot":{"x":0.03224557638168335,"y":0.6296866536140442,"z":-7.797913551330566},"rotation":{"x":0.09504890441894531,"y":-0.6508128046989441,"z":0.08269055187702179,"w":0.7488096356391907},"size":24.00725555419922,"orthographic":false}