{"cameraMode":{"drawMode":0,"name":"Shaded","section":"Shading Mode"},"sceneLighting":false,"audioPlay":false,"sceneViewState":{"showFog":true,"showMaterialUpdate":false,"showSkybox":false,"showFlares":true,"showImageEffects":true,"showParticleSystems":true},"in2DMode":false,"pivot":{"x":0.016329050064086915,"y":1.8828270435333253,"z":0.06409652531147003},"rotation":{"x":-0.0009941537864506245,"y":0.9988911151885986,"z":-0.040787313133478168,"w":-0.024547195062041284},"size":9.308618545532227,"orthographic":false}