{"cameraMode":{"drawMode":0,"name":"Shaded","section":"Shading Mode"},"sceneLighting":false,"audioPlay":false,"sceneViewState":{"showFog":true,"showMaterialUpdate":false,"showSkybox":false,"showFlares":true,"showImageEffects":true,"showParticleSystems":true},"in2DMode":false,"pivot":{"x":0.0,"y":-0.7847999334335327,"z":1.600000023841858},"rotation":{"x":0.00048202279140241444,"y":-0.9891737699508667,"z":0.14677803218364716,"w":0.0032556746155023576},"size":9.31978702545166,"orthographic":false}