{"cameraMode":{"drawMode":0,"name":"Shaded","section":"Shading Mode"},"sceneLighting":false,"audioPlay":false,"sceneViewState":{"showFog":true,"showMaterialUpdate":false,"showSkybox":false,"showFlares":true,"showImageEffects":true,"showParticleSystems":true},"in2DMode":false,"pivot":{"x":-0.001613616943359375,"y":51.603370666503909,"z":2.563858985900879},"rotation":{"x":0.007477917708456516,"y":0.9919586777687073,"z":-0.1048530712723732,"w":0.07097604125738144},"size":278.7139587402344,"orthographic":false}