{"cameraMode":{"drawMode":0,"name":"Shaded","section":"Shading Mode"},"sceneLighting":false,"audioPlay":false,"sceneViewState":{"showFog":true,"showMaterialUpdate":false,"showSkybox":false,"showFlares":true,"showImageEffects":true,"showParticleSystems":true},"in2DMode":false,"pivot":{"x":0.4391452670097351,"y":4.433645725250244,"z":0.6199665069580078},"rotation":{"x":0.0029900898225605489,"y":0.9947651624679565,"z":-0.09760893136262894,"w":0.03046450950205326},"size":10.043315887451172,"orthographic":false}