{"cameraMode":{"drawMode":0,"name":"Shaded","section":"Shading Mode"},"sceneLighting":false,"audioPlay":false,"sceneViewState":{"showFog":true,"showMaterialUpdate":false,"showSkybox":false,"showFlares":true,"showImageEffects":true,"showParticleSystems":true},"in2DMode":false,"pivot":{"x":0.7994991540908814,"y":4.061272621154785,"z":0.5925693511962891},"rotation":{"x":-0.00015039730351418257,"y":0.9998562932014465,"z":-0.015308412723243237,"w":-0.011069169268012047},"size":8.495064735412598,"orthographic":false}