{"cameraMode":{"drawMode":0,"name":"Shaded","section":"Shading Mode"},"sceneLighting":false,"audioPlay":false,"sceneViewState":{"showFog":true,"showMaterialUpdate":false,"showSkybox":false,"showFlares":true,"showImageEffects":true,"showParticleSystems":true},"in2DMode":false,"pivot":{"x":1.4610233306884766,"y":22.733591079711915,"z":8.747917175292969},"rotation":{"x":-0.034804243594408038,"y":-0.0017747824313119054,"z":0.00007946879486553371,"w":-0.9994275569915772},"size":22.0,"orthographic":false}