{"cameraMode":{"drawMode":0,"name":"Shaded","section":"Shading Mode"},"sceneLighting":true,"audioPlay":false,"sceneViewState":{"showFog":true,"showMaterialUpdate":false,"showSkybox":true,"showFlares":true,"showImageEffects":true,"showParticleSystems":true},"in2DMode":false,"pivot":{"x":-24.788463592529298,"y":3.0322976112365724,"z":-15.49461841583252},"rotation":{"x":-0.15176452696323396,"y":0.6982367038726807,"z":-0.15592074394226075,"w":-0.6821930408477783},"size":11.277496337890625,"orthographic":false}