{"cameraMode":{"drawMode":0,"name":"Shaded","section":"Shading Mode"},"sceneLighting":false,"audioPlay":false,"sceneViewState":{"showFog":true,"showMaterialUpdate":false,"showSkybox":false,"showFlares":true,"showImageEffects":true,"showParticleSystems":true},"in2DMode":false,"pivot":{"x":0.9656726121902466,"y":2.370689868927002,"z":0.9950790405273438},"rotation":{"x":-0.10046493262052536,"y":0.7594349980354309,"z":-0.12085537612438202,"w":-0.6313614249229431},"size":7.066106796264648,"orthographic":false}