{"cameraMode":{"drawMode":0,"name":"Shaded","section":"Shading Mode"},"sceneLighting":false,"audioPlay":false,"sceneViewState":{"showFog":true,"showMaterialUpdate":false,"showSkybox":false,"showFlares":true,"showImageEffects":true,"showParticleSystems":true},"in2DMode":false,"pivot":{"x":11.313135147094727,"y":-4.740569114685059,"z":-0.44394874572753909},"rotation":{"x":-0.02215796522796154,"y":-0.9710821509361267,"z":0.09969954937696457,"w":-0.21583643555641175},"size":7.685873031616211,"orthographic":false}