{"cameraMode":{"drawMode":0,"name":"Shaded","section":"Shading Mode"},"sceneLighting":false,"audioPlay":false,"sceneViewState":{"showFog":true,"showMaterialUpdate":false,"showSkybox":false,"showFlares":true,"showImageEffects":true,"showParticleSystems":true},"in2DMode":false,"pivot":{"x":2.7881791591644289,"y":5.745805263519287,"z":5.703832626342773},"rotation":{"x":0.010731902904808522,"y":-0.9798245429992676,"z":0.05473887547850609,"w":0.19197377562522889},"size":6.295358180999756,"orthographic":false}